<?xml version="1.0" encoding="UTF-8"?>
<config xmlns="http://www.knime.org/2008/09/XMLConfig" xmlns:xsi="http://www.w3.org/2001/XMLSchema-instance" xsi:schemaLocation="http://www.knime.org/2008/09/XMLConfig http://www.knime.org/XMLConfig_2008_09.xsd" key="MiningSchema">
    <config key="learning">
        <entry key="array-size" type="xint" value="6"/>
        <entry key="0" type="xstring" value="pelvic_incidence"/>
        <entry key="1" type="xstring" value="pelvic_tilt"/>
        <entry key="2" type="xstring" value="lumbar_lordosis_angle"/>
        <entry key="3" type="xstring" value="sacral_slope"/>
        <entry key="4" type="xstring" value="pelvic_radius"/>
        <entry key="5" type="xstring" value="degree_spondylolisthesis"/>
    </config>
    <config key="target">
        <entry key="array-size" type="xint" value="1"/>
        <entry key="0" type="xstring" value="class"/>
    </config>
</config>
